<?xml version="1.0" encoding="UTF-8"?>
<schema
        xmlns="http://www.concrete5.org/doctrine-xml/0.5"
        xmlns:xsi="http://www.w3.org/2001/XMLSchema-instance"
        xsi:schemaLocation="http://www.concrete5.org/doctrine-xml/0.5 http://concrete5.github.io/doctrine-xml/doctrine-xml-0.5.xsd">

    <table name="btConfigurator">
        <field name="bID" type="integer">
            <unsigned/>
            <key/>
        </field>
        <field name="successMessage" type="string" size="255">
            <notnull/>
        </field>
        <field name="configuratorId" type="string" size="255">
            <notnull/>
        </field>
        <field name="displayCaptcha" type="boolean">
            <default value="1"/>
            <notnull/>
        </field>
        <field name="privacyPage" type="integer">
            <unsigned/>
        </field>
        <field name="thankYouPage" type="integer">
            <unsigned/>
        </field>
        <field name="termsOfUsePage" type="integer">
            <unsigned/>
        </field>
        <field name="displayTermsOfUse" type="boolean">
            <default value="1"/>
            <notnull/>
        </field>
        <field name="displayPrivacy" type="boolean">
            <default value="1"/>
            <notnull/>
        </field>
    </table>
</schema>